SSN,fname,minit,lname,sex,dob,phone_number
296-34-4051,Nils,A,Ravenshaw,Male,12/02/1986,699-938-0922
395-80-4476,Stanislaw,Q,Loding,Male,02/27/1994,188-265-1291
292-01-9632,Rivalee,O,Stubbin,Female,03/19/1989,146-106-5722
704-74-3577,Petey,W,Sitlinton,Male,02/05/2001,438-108-1680
363-73-0711,Mischa,H,Yeld,Male,07/06/1990,995-367-9743
662-68-4581,Hildy,M,Janczewski,Female,10/05/1993,740-712-0431
886-59-4535,Dix,R,Arboine,Female,04/04/1994,384-957-0984
378-54-3995,Cleon,E,Heintzsch,Male,05/26/1998,960-395-2177
635-55-2940,Trixi,L,Dobrovolski,Female,01/15/1998,534-383-7602
350-34-0630,Anatol,D,Scirman,Male,12/08/1985,599-684-4659
853-12-4437,Marysa,K,Cansdall,Female,05/23/1988,833-458-3647
253-95-0662,Zerk,D,McGerraghty,Male,03/18/2000,640-388-3014
591-33-2436,Alvinia,R,Braksper,Female,03/25/1991,311-874-5697
605-77-3464,Torrey,V,Rehm,Male,12/26/2000,992-748-7477
643-10-3023,Jaime,U,Wigan,Female,09/30/1997,218-578-7080
188-19-9804,Neda,B,Duerden,Female,07/18/1991,649-469-3600
186-89-6617,Hillie,U,Riccardini,Male,08/12/1995,875-735-4048
535-17-4251,Reinwald,U,Klazenga,Male,09/12/1997,257-418-2155
171-68-5535,Estella,Z,Gravy,Female,10/28/1993,491-219-9053
454-18-0890,Luigi,D,Bruckent,Male,11/07/1998,810-136-1167
473-77-1827,Sandi,S,Gosney,Female,09/01/1985,271-228-1618
538-75-1880,Donal,H,Tilson,Male,12/21/2000,517-815-5650
684-95-8913,Ainslie,V,Ivanonko,Female,01/29/1996,578-686-6610
418-33-0929,Howey,Q,Berecloth,Male,01/01/2000,936-384-1059
148-36-5731,Nanete,K,Fairleigh,Female,12/28/1986,946-492-1702
383-99-1486,Audra,Y,Nutten,Female,07/15/1997,457-522-8634
763-07-6168,Julie,A,Dauber,Female,10/29/1988,291-390-6633
712-91-2169,Ham,Q,Ivashnikov,Male,03/22/2000,996-920-9325
200-43-1272,Claiborn,C,Sommersett,Male,06/02/1994,567-887-0474
527-60-8610,Margret,T,Heake,Female,03/04/2001,413-981-8021
430-46-0500,Wally,G,Gammett,Female,08/01/1985,227-732-6802
306-05-9239,Lorianna,P,Galland,Female,06/21/1996,959-830-3514
152-30-5420,Nanon,J,Batman,Female,03/03/1985,549-856-0631
581-68-1270,Herold,F,Dashkovich,Male,02/09/1985,961-387-0108
197-19-1240,Harrie,L,Ren,Female,10/15/1999,109-613-6576
477-45-4840,Cathryn,X,Ratnage,Female,12/13/1995,735-576-4946
625-65-6989,Brandy,F,Stapleton,Female,05/27/2000,118-277-7722
147-53-9279,Andrea,D,Hilbourne,Male,06/28/1985,871-418-4968
607-44-7275,Ross,S,Mayers,Male,11/07/1999,358-747-5628
708-46-6201,Hy,W,Plaster,Male,08/06/1989,644-140-9187
476-68-6939,Mohandas,A,Cufflin,Male,04/11/1990,392-583-7355
516-09-9491,Henrietta,J,Fearne,Female,10/16/1995,692-701-1921
401-21-2382,Chas,Y,Jablonski,Male,08/06/1990,628-719-3142
427-56-1308,Estella,U,Stannislawski,Female,05/08/1993,687-750-4512
804-48-4701,Lucien,H,Capron,Male,11/05/1991,556-414-2829
856-93-1287,Orton,K,Younghusband,Male,04/05/1996,403-201-0661
488-30-8010,Sherwynd,Y,Tunnadine,Male,07/07/1989,534-216-8649
234-95-8027,Dilly,L,Dow,Male,05/12/1986,165-602-3471
107-62-8021,Giuseppe,G,Beranek,Male,09/08/1986,336-554-7603
591-67-5280,Marji,V,Paulack,Female,04/13/1996,667-110-3422
155-56-0420,Garald,Y,Verna,Male,04/21/1997,609-660-2495
800-83-7664,Con,O,Beamish,Female,05/29/2000,433-799-8075
106-18-0365,Chas,D,Keets,Male,12/15/1995,168-274-9264
674-02-6136,Flora,D,Lavender,Female,05/06/1997,749-282-2108
769-07-1787,Loise,T,Varnals,Female,04/15/1989,360-296-8669
206-74-4826,Merell,M,Ingraham,Male,12/13/1997,925-387-6345
139-21-5078,Arabele,S,Maclaine,Female,06/13/1995,489-818-1032
715-84-8128,Myrah,W,Crafter,Female,07/29/1987,330-553-8797
228-57-4898,Mildred,X,Pitchford,Female,02/10/1991,173-936-5087
517-76-6685,Carlyle,O,Demke,Male,10/06/2001,766-297-6593
255-48-2899,Berry,H,Gray,Female,04/11/1996,202-848-6497
896-81-1009,Ingaborg,X,Hatchard,Female,01/31/1989,716-671-0267
371-58-1615,Morlee,E,Cartledge,Male,08/06/1994,745-763-9152
856-25-6999,Jaquith,I,MacKenny,Female,01/18/1993,481-533-9026
581-79-2700,Oneida,J,Ciccotti,Female,06/10/1998,842-666-6459
122-01-9807,Mitzi,J,Cluely,Female,12/08/1998,393-608-7863
573-39-3572,Anetta,N,Mackrill,Female,07/21/1993,370-272-2853
372-40-6811,Portia,U,Presley,Female,05/19/1989,244-417-6159
194-90-4044,Sibyl,S,Profit,Female,01/12/1997,633-556-9090
835-96-7344,Ned,Q,Andino,Male,03/03/1988,841-294-1886
766-10-0127,Nessi,Z,Lapidus,Female,04/27/1996,573-263-1945
452-93-0622,Nikolos,Q,Frift,Male,01/09/1992,862-464-6119
676-93-3421,Shepard,R,Tichner,Male,12/02/1988,558-983-0787
748-41-6005,Vida,L,Vedenyapin,Female,05/15/2001,685-277-2914
615-22-6259,Killian,Q,Horsfield,Male,09/26/2001,978-824-7654
176-28-5329,Rutherford,X,Dooler,Male,05/29/1994,672-597-8279
522-02-5245,Edan,K,Neylon,Male,10/13/2000,250-487-2111
644-90-4112,Augy,E,Kemmish,Male,02/08/1998,952-162-6480
852-50-1029,Fons,D,Burrill,Male,12/02/1998,199-536-5656
813-71-0138,Dilan,G,Macknish,Male,11/29/1991,730-692-7766
208-07-4282,Thatch,L,Sheriff,Male,12/27/1987,355-190-0991
508-05-1777,Merola,C,Postles,Female,07/09/1997,995-746-9514
752-39-9073,Lombard,C,Rubin,Male,07/01/1995,480-413-9470
892-62-9088,Hall,J,Marians,Male,09/03/1999,892-127-0676
434-65-1642,Sioux,N,Sleightholm,Female,04/02/1990,927-968-5844
811-90-8022,Rikki,G,Allett,Male,11/17/1992,878-295-7656
201-03-9918,Joell,Q,Creyke,Female,07/04/1998,300-108-4049
519-95-3393,Margarette,G,Lamba,Female,12/18/1998,895-433-6048
335-82-9243,Marrissa,M,Mc Meekin,Female,04/07/1993,542-786-7932
447-12-1998,Christiano,F,Moncreiffe,Male,02/24/1990,229-666-9134
681-23-3960,Augusto,E,Blyth,Male,09/22/1988,878-346-0306
719-81-6707,Rriocard,X,Androlli,Male,05/01/1995,661-152-5570
428-96-0806,Pooh,Y,Crosby,Female,04/01/1999,724-281-9754
189-50-9759,Gabriele,B,Caig,Male,05/07/1993,227-897-8792
435-51-8792,Ulrich,K,Khomin,Male,03/26/1988,791-204-6033
590-05-0618,Letti,U,Middleton,Female,06/15/1999,244-616-6397
638-97-5802,Mayor,T,Ingre,Male,05/26/1991,872-679-0100
248-45-2277,Avigdor,G,Le Monnier,Male,07/30/1993,649-625-4231
103-72-3244,Julie,H,Wattam,Male,04/10/1994,564-443-8358
140-11-0848,Livia,Z,Jefferd,Female,08/23/1991,875-862-1039
